"Sector";"Sub Sector";"Grupo";"Sub Grupo";"Entidad";"Unidad Ejecutora";"Devengado"
"Gobierno General";"Gobierno Central";"Administración Central";"Presidencia, Ministerios de Estado, Secretarias y Otras Dependencias del Ejecutivo";"MINISTERIO DE GOBERNACIÓN";"DEPARTAMENTO DE TRÁNSITO";"3059492.51"
"Gobierno General";"Gobierno Central";"Administración Central";"Presidencia, Ministerios de Estado, Secretarias y Otras Dependencias del Ejecutivo";"MINISTERIO DE GOBERNACIÓN";"DIRECCIÓN DE SERVICIOS ADMINISTRATIVOS Y FINANCIEROS";"20496614.42"
"Gobierno General";"Gobierno Central";"Administración Central";"Presidencia, Ministerios de Estado, Secretarias y Otras Dependencias del Ejecutivo";"MINISTERIO DE GOBERNACIÓN";"DIRECCIÓN GENERAL DE INTELIGENCIA CIVIL";"8779958.55"
"Gobierno General";"Gobierno Central";"Administración Central";"Presidencia, Ministerios de Estado, Secretarias y Otras Dependencias del Ejecutivo";"MINISTERIO DE GOBERNACIÓN";"DIRECCIÓN GENERAL DE INVESTIGACIÓN CRIMINAL";"63937.5"
"Gobierno General";"Gobierno Central";"Administración Central";"Presidencia, Ministerios de Estado, Secretarias y Otras Dependencias del Ejecutivo";"MINISTERIO DE GOBERNACIÓN";"DIRECCIÓN GENERAL DE LA POLICIA NACIONAL CIVIL";"533898449.01"
"Gobierno General";"Gobierno Central";"Administración Central";"Presidencia, Ministerios de Estado, Secretarias y Otras Dependencias del Ejecutivo";"MINISTERIO DE GOBERNACIÓN";"DIRECCIÓN GENERAL DE MIGRACIÓN";"10923472.73"
"Gobierno General";"Gobierno Central";"Administración Central";"Presidencia, Ministerios de Estado, Secretarias y Otras Dependencias del Ejecutivo";"MINISTERIO DE GOBERNACIÓN";"DIRECCIÓN GENERAL DE SERVICIOS DE SEGURIDAD PRIVADA";"2752436.3"
"Gobierno General";"Gobierno Central";"Administración Central";"Presidencia, Ministerios de Estado, Secretarias y Otras Dependencias del Ejecutivo";"MINISTERIO DE GOBERNACIÓN";"DIRECCIÓN GENERAL DEL DIARIO DE CENTRO AMÉRICA Y TIPOGRAFÍA NACIONAL";"5424780.66"
"Gobierno General";"Gobierno Central";"Administración Central";"Presidencia, Ministerios de Estado, Secretarias y Otras Dependencias del Ejecutivo";"MINISTERIO DE GOBERNACIÓN";"DIRECCIÓN GENERAL DEL SISTEMA PENITENCIARIO";"52665272.34"
"Gobierno General";"Gobierno Central";"Administración Central";"Presidencia, Ministerios de Estado, Secretarias y Otras Dependencias del Ejecutivo";"MINISTERIO DE GOBERNACIÓN";"GOBERNACIÓN DEPARTAMENTAL DE ALTA VERAPAZ";"281076.6"
"Gobierno General";"Gobierno Central";"Administración Central";"Presidencia, Ministerios de Estado, Secretarias y Otras Dependencias del Ejecutivo";"MINISTERIO DE GOBERNACIÓN";"GOBERNACIÓN DEPARTAMENTAL DE BAJA VERAPAZ";"382560.41"
"Gobierno General";"Gobierno Central";"Administración Central";"Presidencia, Ministerios de Estado, Secretarias y Otras Dependencias del Ejecutivo";"MINISTERIO DE GOBERNACIÓN";"GOBERNACIÓN DEPARTAMENTAL DE CHIMALTENANGO";"330842.44"
"Gobierno General";"Gobierno Central";"Administración Central";"Presidencia, Ministerios de Estado, Secretarias y Otras Dependencias del Ejecutivo";"MINISTERIO DE GOBERNACIÓN";"GOBERNACIÓN DEPARTAMENTAL DE CHIQUIMULA";"605790.55"
"Gobierno General";"Gobierno Central";"Administración Central";"Presidencia, Ministerios de Estado, Secretarias y Otras Dependencias del Ejecutivo";"MINISTERIO DE GOBERNACIÓN";"GOBERNACIÓN DEPARTAMENTAL DE EL PROGRESO";"434261.01"
"Gobierno General";"Gobierno Central";"Administración Central";"Presidencia, Ministerios de Estado, Secretarias y Otras Dependencias del Ejecutivo";"MINISTERIO DE GOBERNACIÓN";"GOBERNACIÓN DEPARTAMENTAL DE ESCUINTLA";"523012.75"
"Gobierno General";"Gobierno Central";"Administración Central";"Presidencia, Ministerios de Estado, Secretarias y Otras Dependencias del Ejecutivo";"MINISTERIO DE GOBERNACIÓN";"GOBERNACIÓN DEPARTAMENTAL DE GUATEMALA";"563488.85"
"Gobierno General";"Gobierno Central";"Administración Central";"Presidencia, Ministerios de Estado, Secretarias y Otras Dependencias del Ejecutivo";"MINISTERIO DE GOBERNACIÓN";"GOBERNACIÓN DEPARTAMENTAL DE HUEHUETENANGO";"347475.07"
"Gobierno General";"Gobierno Central";"Administración Central";"Presidencia, Ministerios de Estado, Secretarias y Otras Dependencias del Ejecutivo";"MINISTERIO DE GOBERNACIÓN";"GOBERNACIÓN DEPARTAMENTAL DE IZABAL";"358439.45"
"Gobierno General";"Gobierno Central";"Administración Central";"Presidencia, Ministerios de Estado, Secretarias y Otras Dependencias del Ejecutivo";"MINISTERIO DE GOBERNACIÓN";"GOBERNACIÓN DEPARTAMENTAL DE JALAPA";"384923.95"
"Gobierno General";"Gobierno Central";"Administración Central";"Presidencia, Ministerios de Estado, Secretarias y Otras Dependencias del Ejecutivo";"MINISTERIO DE GOBERNACIÓN";"GOBERNACIÓN DEPARTAMENTAL DE JUTIAPA";"232097.23"
"Gobierno General";"Gobierno Central";"Administración Central";"Presidencia, Ministerios de Estado, Secretarias y Otras Dependencias del Ejecutivo";"MINISTERIO DE GOBERNACIÓN";"GOBERNACIÓN DEPARTAMENTAL DE PETÉN";"462420.05"
"Gobierno General";"Gobierno Central";"Administración Central";"Presidencia, Ministerios de Estado, Secretarias y Otras Dependencias del Ejecutivo";"MINISTERIO DE GOBERNACIÓN";"GOBERNACIÓN DEPARTAMENTAL DE QUETZALTENANGO";"245903.54"
"Gobierno General";"Gobierno Central";"Administración Central";"Presidencia, Ministerios de Estado, Secretarias y Otras Dependencias del Ejecutivo";"MINISTERIO DE GOBERNACIÓN";"GOBERNACIÓN DEPARTAMENTAL DE QUICHÉ";"587562.5"
"Gobierno General";"Gobierno Central";"Administración Central";"Presidencia, Ministerios de Estado, Secretarias y Otras Dependencias del Ejecutivo";"MINISTERIO DE GOBERNACIÓN";"GOBERNACIÓN DEPARTAMENTAL DE RETALHULEU";"368412.33"
"Gobierno General";"Gobierno Central";"Administración Central";"Presidencia, Ministerios de Estado, Secretarias y Otras Dependencias del Ejecutivo";"MINISTERIO DE GOBERNACIÓN";"GOBERNACIÓN DEPARTAMENTAL DE SACATEPÉQUEZ";"538547.56"
"Gobierno General";"Gobierno Central";"Administración Central";"Presidencia, Ministerios de Estado, Secretarias y Otras Dependencias del Ejecutivo";"MINISTERIO DE GOBERNACIÓN";"GOBERNACIÓN DEPARTAMENTAL DE SAN MARCOS";"349594.37"
"Gobierno General";"Gobierno Central";"Administración Central";"Presidencia, Ministerios de Estado, Secretarias y Otras Dependencias del Ejecutivo";"MINISTERIO DE GOBERNACIÓN";"GOBERNACIÓN DEPARTAMENTAL DE SANTA ROSA";"344824.12"
"Gobierno General";"Gobierno Central";"Administración Central";"Presidencia, Ministerios de Estado, Secretarias y Otras Dependencias del Ejecutivo";"MINISTERIO DE GOBERNACIÓN";"GOBERNACIÓN DEPARTAMENTAL DE SOLOLÁ";"247526.31"
"Gobierno General";"Gobierno Central";"Administración Central";"Presidencia, Ministerios de Estado, Secretarias y Otras Dependencias del Ejecutivo";"MINISTERIO DE GOBERNACIÓN";"GOBERNACIÓN DEPARTAMENTAL DE SUCHITEPÉQUEZ";"393633.12"
"Gobierno General";"Gobierno Central";"Administración Central";"Presidencia, Ministerios de Estado, Secretarias y Otras Dependencias del Ejecutivo";"MINISTERIO DE GOBERNACIÓN";"GOBERNACIÓN DEPARTAMENTAL DE TOTONICAPÁN";"341539.97"
"Gobierno General";"Gobierno Central";"Administración Central";"Presidencia, Ministerios de Estado, Secretarias y Otras Dependencias del Ejecutivo";"MINISTERIO DE GOBERNACIÓN";"GOBERNACIÓN DEPARTAMENTAL DE ZACAPA";"312996.31"
"Gobierno General";"Gobierno Central";"Administración Central";"Presidencia, Ministerios de Estado, Secretarias y Otras Dependencias del Ejecutivo";"MINISTERIO DE GOBERNACIÓN";"REGISTRO DE PERSONAS JURÍDICAS";"576565.83"
"Gobierno General";"Gobierno Central";"Administración Central";"Presidencia, Ministerios de Estado, Secretarias y Otras Dependencias del Ejecutivo";"MINISTERIO DE GOBERNACIÓN";"SECRETARÍA DE ANÁLISIS E INFORMACIÓN ANTINARCÓTICA";"808089.75"
"Gobierno General";"Gobierno Central";"Administración Central";"Presidencia, Ministerios de Estado, Secretarias y Otras Dependencias del Ejecutivo";"MINISTERIO DE GOBERNACIÓN";"SUBDIRECCIÓN GENERAL DE ESTUDIOS Y DOCTRINA DE LA POLICIA NACIONAL CIVIL";"4521890.89"
"Gobierno General";"Gobierno Central";"Administración Central";"Presidencia, Ministerios de Estado, Secretarias y Otras Dependencias del Ejecutivo";"MINISTERIO DE GOBERNACIÓN";"SUBDIRECCIÓN GENERAL DE INVESTIGACIÓN CRIMINAL";"1065168.08"
"Gobierno General";"Gobierno Central";"Administración Central";"Presidencia, Ministerios de Estado, Secretarias y Otras Dependencias del Ejecutivo";"MINISTERIO DE GOBERNACIÓN";"SUBDIRECCIÓN GENERAL DE SALUD POLICIAL";"3526028.59"
"Gobierno General";"Gobierno Central";"Administración Central";"Presidencia, Ministerios de Estado, Secretarias y Otras Dependencias del Ejecutivo";"MINISTERIO DE GOBERNACIÓN";"UNIDAD DEL NUEVO MODELO DE GESTIÓN PENITENCIARIA - UNMGP -";"300500"
"Gobierno General";"Gobierno Central";"Administración Central";"Presidencia, Ministerios de Estado, Secretarias y Otras Dependencias del Ejecutivo";"MINISTERIO DE GOBERNACIÓN";"UNIDAD ESPECIAL ANTINARCÓTICOS (UNESA)";"2907323.26"
"Gobierno General";"Gobierno Central";"Administración Central";"Presidencia, Ministerios de Estado, Secretarias y Otras Dependencias del Ejecutivo";"MINISTERIO DE GOBERNACIÓN";"UNIDAD PARA LA PREVENCIÓN COMUNITARIA DE LA VIOLENCIA";"2721363.93"
"Gobierno General";"Gobierno Central";"Administración Central";"Presidencia, Ministerios de Estado, Secretarias y Otras Dependencias del Ejecutivo";"MINISTERIO DE LA DEFENSA NACIONAL";"CENTRO DE ATENCIÓN A DISCAPACITADOS DEL EJÉRCITO DE GUATEMALA";"1096276.16"
"Gobierno General";"Gobierno Central";"Administración Central";"Presidencia, Ministerios de Estado, Secretarias y Otras Dependencias del Ejecutivo";"MINISTERIO DE LA DEFENSA NACIONAL";"CENTRO MÉDICO MILITAR";"11876891.44"
"Gobierno General";"Gobierno Central";"Administración Central";"Presidencia, Ministerios de Estado, Secretarias y Otras Dependencias del Ejecutivo";"MINISTERIO DE LA DEFENSA NACIONAL";"COMANDANCIA DE LA FUERZA AÉREA GUATEMALTECA";"11977017.61"
"Gobierno General";"Gobierno Central";"Administración Central";"Presidencia, Ministerios de Estado, Secretarias y Otras Dependencias del Ejecutivo";"MINISTERIO DE LA DEFENSA NACIONAL";"COMANDANCIA DE LA MARINA DE LA DEFENSA NACIONAL";"18521999.78"
"Gobierno General";"Gobierno Central";"Administración Central";"Presidencia, Ministerios de Estado, Secretarias y Otras Dependencias del Ejecutivo";"MINISTERIO DE LA DEFENSA NACIONAL";"COMANDO DE APOYO LOGÍSTICO";"14796588.79"
"Gobierno General";"Gobierno Central";"Administración Central";"Presidencia, Ministerios de Estado, Secretarias y Otras Dependencias del Ejecutivo";"MINISTERIO DE LA DEFENSA NACIONAL";"COMANDO REGIONAL CENTRAL";"59251052.27"
"Gobierno General";"Gobierno Central";"Administración Central";"Presidencia, Ministerios de Estado, Secretarias y Otras Dependencias del Ejecutivo";"MINISTERIO DE LA DEFENSA NACIONAL";"COMANDO SUPERIOR DE EDUCACIÓN DEL EJÉRCITO DE GUATEMALA";"21287976.17"
"Gobierno General";"Gobierno Central";"Administración Central";"Presidencia, Ministerios de Estado, Secretarias y Otras Dependencias del Ejecutivo";"MINISTERIO DE LA DEFENSA NACIONAL";"CUERPO DE INGENIEROS DEL EJÉRCITO TENIENTE CORONEL DE INGENIEROS E INGENIERO FRANCISCO VELA ARANGO";"11377579.79"
"Gobierno General";"Gobierno Central";"Administración Central";"Presidencia, Ministerios de Estado, Secretarias y Otras Dependencias del Ejecutivo";"MINISTERIO DE LA DEFENSA NACIONAL";"DIRECCIÓN DE OPERACIONES DE PAZ DEL ESTADO MAYOR DE LA DEFENSA NACIONAL";"4537685.6"
"Gobierno General";"Gobierno Central";"Administración Central";"Presidencia, Ministerios de Estado, Secretarias y Otras Dependencias del Ejecutivo";"MINISTERIO DE LA DEFENSA NACIONAL";"DIRECCIÓN GENERAL ADMINISTRATIVA DEL ESTADO MAYOR DE LA DEFENSA NACIONAL";"16574633.45"
"Gobierno General";"Gobierno Central";"Administración Central";"Presidencia, Ministerios de Estado, Secretarias y Otras Dependencias del Ejecutivo";"MINISTERIO DE LA DEFENSA NACIONAL";"DIRECCIÓN GENERAL DE CONTROL DE ARMAS Y MUNICIONES DEL MINISTERIO DE LA DEFENSA NACIONAL";"2819625.02"
"Gobierno General";"Gobierno Central";"Administración Central";"Presidencia, Ministerios de Estado, Secretarias y Otras Dependencias del Ejecutivo";"MINISTERIO DE LA DEFENSA NACIONAL";"DIRECCIÓN GENERAL DE FINANZAS DEL MINISTERIO DE LA DEFENSA NACIONAL";"112004356.04"
"Gobierno General";"Gobierno Central";"Administración Central";"Presidencia, Ministerios de Estado, Secretarias y Otras Dependencias del Ejecutivo";"MINISTERIO DE EDUCACIÓN";"CONSEJO NACIONAL DE EDUCACIÓN";"0"
"Gobierno General";"Gobierno Central";"Administración Central";"Presidencia, Ministerios de Estado, Secretarias y Otras Dependencias del Ejecutivo";"MINISTERIO DE EDUCACIÓN";"DIRECCCIÓN DEPARTAMENTAL DE EDUCACIÓN DE BAJA VERAPAZ";"54859007.93"
"Gobierno General";"Gobierno Central";"Administración Central";"Presidencia, Ministerios de Estado, Secretarias y Otras Dependencias del Ejecutivo";"MINISTERIO DE EDUCACIÓN";"DIRECCIÓN DE ADMINISTRACIÓN FINANCIERA";"24529918.13"
"Gobierno General";"Gobierno Central";"Administración Central";"Presidencia, Ministerios de Estado, Secretarias y Otras Dependencias del Ejecutivo";"MINISTERIO DE EDUCACIÓN";"DIRECCIÓN DE ADQUISICIONES Y CONTRATACIONES";"594077.74"
"Gobierno General";"Gobierno Central";"Administración Central";"Presidencia, Ministerios de Estado, Secretarias y Otras Dependencias del Ejecutivo";"MINISTERIO DE EDUCACIÓN";"DIRECCIÓN DE ASESORÍA JURÍDICA";"334453.48"
"Gobierno General";"Gobierno Central";"Administración Central";"Presidencia, Ministerios de Estado, Secretarias y Otras Dependencias del Ejecutivo";"MINISTERIO DE EDUCACIÓN";"DIRECCIÓN DE AUDITORÍA INTERNA";"1202090.8"
"Gobierno General";"Gobierno Central";"Administración Central";"Presidencia, Ministerios de Estado, Secretarias y Otras Dependencias del Ejecutivo";"MINISTERIO DE EDUCACIÓN";"DIRECCIÓN DE COMUNICACIÓN SOCIAL";"280438.62"
"Gobierno General";"Gobierno Central";"Administración Central";"Presidencia, Ministerios de Estado, Secretarias y Otras Dependencias del Ejecutivo";"MINISTERIO DE EDUCACIÓN";"DIRECCIÓN DE COOPERACIÓN NACIONAL E INTERNACIONAL";"384906.36"
"Gobierno General";"Gobierno Central";"Administración Central";"Presidencia, Ministerios de Estado, Secretarias y Otras Dependencias del Ejecutivo";"MINISTERIO DE EDUCACIÓN";"DIRECCIÓN DE DESARROLLO MAGISTERIAL";"123822.43"
"Gobierno General";"Gobierno Central";"Administración Central";"Presidencia, Ministerios de Estado, Secretarias y Otras Dependencias del Ejecutivo";"MINISTERIO DE EDUCACIÓN";"DIRECCIÓN DE DESARROLLO Y FORTALECIMIENTO INSTITUCIONAL";"271281.76"
"Gobierno General";"Gobierno Central";"Administración Central";"Presidencia, Ministerios de Estado, Secretarias y Otras Dependencias del Ejecutivo";"MINISTERIO DE EDUCACIÓN";"DIRECCIÓN DE INFORMÁTICA";"1742818.15"
"Gobierno General";"Gobierno Central";"Administración Central";"Presidencia, Ministerios de Estado, Secretarias y Otras Dependencias del Ejecutivo";"MINISTERIO DE EDUCACIÓN";"DIRECCIÓN DE PLANIFICACIÓN EDUCATIVA";"1878249.24"
"Gobierno General";"Gobierno Central";"Administración Central";"Presidencia, Ministerios de Estado, Secretarias y Otras Dependencias del Ejecutivo";"MINISTERIO DE EDUCACIÓN";"DIRECCIÓN DE RECURSOS HUMANOS";"5728261.62"
"Gobierno General";"Gobierno Central";"Administración Central";"Presidencia, Ministerios de Estado, Secretarias y Otras Dependencias del Ejecutivo";"MINISTERIO DE EDUCACIÓN";"DIRECCIÓN DE SERVICIOS ADMINISTRATIVOS";"4815921.22"
"Gobierno General";"Gobierno Central";"Administración Central";"Presidencia, Ministerios de Estado, Secretarias y Otras Dependencias del Ejecutivo";"MINISTERIO DE EDUCACIÓN";"DIRECCIÓN DEPARTAMENTAL DE EDUCACIÓN DE ALTA VERAPAZ";"189597749.63"
"Gobierno General";"Gobierno Central";"Administración Central";"Presidencia, Ministerios de Estado, Secretarias y Otras Dependencias del Ejecutivo";"MINISTERIO DE EDUCACIÓN";"DIRECCIÓN DEPARTAMENTAL DE EDUCACIÓN DE CHIMALTENANGO";"81565543.98"
"Gobierno General";"Gobierno Central";"Administración Central";"Presidencia, Ministerios de Estado, Secretarias y Otras Dependencias del Ejecutivo";"MINISTERIO DE EDUCACIÓN";"DIRECCIÓN DEPARTAMENTAL DE EDUCACIÓN DE CHIQUIMULA";"74429599.87"
"Gobierno General";"Gobierno Central";"Administración Central";"Presidencia, Ministerios de Estado, Secretarias y Otras Dependencias del Ejecutivo";"MINISTERIO DE EDUCACIÓN";"DIRECCIÓN DEPARTAMENTAL DE EDUCACIÓN DE EL PROGRESO";"32147432.68"
"Gobierno General";"Gobierno Central";"Administración Central";"Presidencia, Ministerios de Estado, Secretarias y Otras Dependencias del Ejecutivo";"MINISTERIO DE EDUCACIÓN";"DIRECCIÓN DEPARTAMENTAL DE EDUCACIÓN DE EL QUICHÉ";"164145957.94"
"Gobierno General";"Gobierno Central";"Administración Central";"Presidencia, Ministerios de Estado, Secretarias y Otras Dependencias del Ejecutivo";"MINISTERIO DE EDUCACIÓN";"DIRECCIÓN DEPARTAMENTAL DE EDUCACIÓN DE ESCUINTLA";"86619986.17"
"Gobierno General";"Gobierno Central";"Administración Central";"Presidencia, Ministerios de Estado, Secretarias y Otras Dependencias del Ejecutivo";"MINISTERIO DE EDUCACIÓN";"DIRECCIÓN DEPARTAMENTAL DE EDUCACIÓN DE GUATEMALA";"88580.59"
"Gobierno General";"Gobierno Central";"Administración Central";"Presidencia, Ministerios de Estado, Secretarias y Otras Dependencias del Ejecutivo";"MINISTERIO DE EDUCACIÓN";"DIRECCIÓN DEPARTAMENTAL DE EDUCACIÓN DE HUEHUETENANGO";"174972471.56"
"Gobierno General";"Gobierno Central";"Administración Central";"Presidencia, Ministerios de Estado, Secretarias y Otras Dependencias del Ejecutivo";"MINISTERIO DE EDUCACIÓN";"DIRECCIÓN DEPARTAMENTAL DE EDUCACIÓN DE IZABAL";"66260725.73"
"Gobierno General";"Gobierno Central";"Administración Central";"Presidencia, Ministerios de Estado, Secretarias y Otras Dependencias del Ejecutivo";"MINISTERIO DE EDUCACIÓN";"DIRECCIÓN DEPARTAMENTAL DE EDUCACIÓN DE JALAPA";"61229427.92"
"Gobierno General";"Gobierno Central";"Administración Central";"Presidencia, Ministerios de Estado, Secretarias y Otras Dependencias del Ejecutivo";"MINISTERIO DE EDUCACIÓN";"DIRECCIÓN DEPARTAMENTAL DE EDUCACIÓN DE JUTIAPA";"84978042.76"
"Gobierno General";"Gobierno Central";"Administración Central";"Presidencia, Ministerios de Estado, Secretarias y Otras Dependencias del Ejecutivo";"MINISTERIO DE EDUCACIÓN";"DIRECCIÓN DEPARTAMENTAL DE EDUCACIÓN DE PETÉN";"106137325.22"
"Gobierno General";"Gobierno Central";"Administración Central";"Presidencia, Ministerios de Estado, Secretarias y Otras Dependencias del Ejecutivo";"MINISTERIO DE EDUCACIÓN";"DIRECCIÓN DEPARTAMENTAL DE EDUCACIÓN DE QUETZALTENANGO";"121131719.37"
"Gobierno General";"Gobierno Central";"Administración Central";"Presidencia, Ministerios de Estado, Secretarias y Otras Dependencias del Ejecutivo";"MINISTERIO DE EDUCACIÓN";"DIRECCIÓN DEPARTAMENTAL DE EDUCACIÓN DE RETALHULEU";"64999849.41"
"Gobierno General";"Gobierno Central";"Administración Central";"Presidencia, Ministerios de Estado, Secretarias y Otras Dependencias del Ejecutivo";"MINISTERIO DE EDUCACIÓN";"DIRECCIÓN DEPARTAMENTAL DE EDUCACIÓN DE SACATEPÉQUEZ";"40177751.16"
"Gobierno General";"Gobierno Central";"Administración Central";"Presidencia, Ministerios de Estado, Secretarias y Otras Dependencias del Ejecutivo";"MINISTERIO DE EDUCACIÓN";"DIRECCIÓN DEPARTAMENTAL DE EDUCACIÓN DE SAN MARCOS";"187543626"
"Gobierno General";"Gobierno Central";"Administración Central";"Presidencia, Ministerios de Estado, Secretarias y Otras Dependencias del Ejecutivo";"MINISTERIO DE EDUCACIÓN";"DIRECCIÓN DEPARTAMENTAL DE EDUCACIÓN DE SANTA ROSA";"67041609.75"
"Gobierno General";"Gobierno Central";"Administración Central";"Presidencia, Ministerios de Estado, Secretarias y Otras Dependencias del Ejecutivo";"MINISTERIO DE EDUCACIÓN";"DIRECCIÓN DEPARTAMENTAL DE EDUCACIÓN DE SOLOLÁ";"82409728.66"
"Gobierno General";"Gobierno Central";"Administración Central";"Presidencia, Ministerios de Estado, Secretarias y Otras Dependencias del Ejecutivo";"MINISTERIO DE EDUCACIÓN";"DIRECCIÓN DEPARTAMENTAL DE EDUCACIÓN DE SUCHITEPÉQUEZ";"91360117.14"
"Gobierno General";"Gobierno Central";"Administración Central";"Presidencia, Ministerios de Estado, Secretarias y Otras Dependencias del Ejecutivo";"MINISTERIO DE EDUCACIÓN";"DIRECCIÓN DEPARTAMENTAL DE EDUCACIÓN DE TOTONICAPÁN";"74408389.2"
"Gobierno General";"Gobierno Central";"Administración Central";"Presidencia, Ministerios de Estado, Secretarias y Otras Dependencias del Ejecutivo";"MINISTERIO DE EDUCACIÓN";"DIRECCIÓN DEPARTAMENTAL DE EDUCACIÓN DE ZACAPA";"44446979.18"
"Gobierno General";"Gobierno Central";"Administración Central";"Presidencia, Ministerios de Estado, Secretarias y Otras Dependencias del Ejecutivo";"MINISTERIO DE EDUCACIÓN";"DIRECCIÓN DEPARTAMENTAL DE EDUCACIÓN GUATEMALA NORTE";"80646311.63"
"Gobierno General";"Gobierno Central";"Administración Central";"Presidencia, Ministerios de Estado, Secretarias y Otras Dependencias del Ejecutivo";"MINISTERIO DE EDUCACIÓN";"DIRECCIÓN DEPARTAMENTAL DE EDUCACIÓN GUATEMALA OCCIDENTE";"85192611.8"
"Gobierno General";"Gobierno Central";"Administración Central";"Presidencia, Ministerios de Estado, Secretarias y Otras Dependencias del Ejecutivo";"MINISTERIO DE EDUCACIÓN";"DIRECCIÓN DEPARTAMENTAL DE EDUCACIÓN GUATEMALA ORIENTE";"50450406.95"
"Gobierno General";"Gobierno Central";"Administración Central";"Presidencia, Ministerios de Estado, Secretarias y Otras Dependencias del Ejecutivo";"MINISTERIO DE EDUCACIÓN";"DIRECCIÓN DEPARTAMENTAL DE EDUCACIÓN GUATEMALA SUR";"75478960.91"
"Gobierno General";"Gobierno Central";"Administración Central";"Presidencia, Ministerios de Estado, Secretarias y Otras Dependencias del Ejecutivo";"MINISTERIO DE EDUCACIÓN";"DIRECCIÓN GENERAL DE ACREDITACIÓN Y CERTIFICACIÓN";"868125.27"
"Gobierno General";"Gobierno Central";"Administración Central";"Presidencia, Ministerios de Estado, Secretarias y Otras Dependencias del Ejecutivo";"MINISTERIO DE EDUCACIÓN";"DIRECCIÓN GENERAL DE COORDINACIÓN DE DIRECCIONES DEPARTAMENTALES DE EDUCACIÓN";"474594.38"
"Gobierno General";"Gobierno Central";"Administración Central";"Presidencia, Ministerios de Estado, Secretarias y Otras Dependencias del Ejecutivo";"MINISTERIO DE EDUCACIÓN";"DIRECCIÓN GENERAL DE CURRÍCULO";"929164.49"
"Gobierno General";"Gobierno Central";"Administración Central";"Presidencia, Ministerios de Estado, Secretarias y Otras Dependencias del Ejecutivo";"MINISTERIO DE EDUCACIÓN";"DIRECCIÓN GENERAL DE EDUCACIÓN BILINGUE INTERCULTURAL";"1631718.89"
"Gobierno General";"Gobierno Central";"Administración Central";"Presidencia, Ministerios de Estado, Secretarias y Otras Dependencias del Ejecutivo";"MINISTERIO DE EDUCACIÓN";"DIRECCIÓN GENERAL DE EDUCACIÓN ESPECIAL";"672279.74"
"Gobierno General";"Gobierno Central";"Administración Central";"Presidencia, Ministerios de Estado, Secretarias y Otras Dependencias del Ejecutivo";"MINISTERIO DE EDUCACIÓN";"DIRECCIÓN GENERAL DE EDUCACIÓN EXTRAESCOLAR";"837526.52"
"Gobierno General";"Gobierno Central";"Administración Central";"Presidencia, Ministerios de Estado, Secretarias y Otras Dependencias del Ejecutivo";"MINISTERIO DE EDUCACIÓN";"DIRECCIÓN GENERAL DE EDUCACIÓN FÍSICA";"24987719.73"
"Gobierno General";"Gobierno Central";"Administración Central";"Presidencia, Ministerios de Estado, Secretarias y Otras Dependencias del Ejecutivo";"MINISTERIO DE EDUCACIÓN";"DIRECCIÓN GENERAL DE EVALUACIÓN E INVESTIGACIÓN EDUCATIVA";"1407400.92"
"Gobierno General";"Gobierno Central";"Administración Central";"Presidencia, Ministerios de Estado, Secretarias y Otras Dependencias del Ejecutivo";"MINISTERIO DE EDUCACIÓN";"DIRECCIÓN GENERAL DE FORTALECIMIENTO A LA COMUNIDAD EDUCATIVA";"360805.43"
"Gobierno General";"Gobierno Central";"Administración Central";"Presidencia, Ministerios de Estado, Secretarias y Otras Dependencias del Ejecutivo";"MINISTERIO DE EDUCACIÓN";"DIRECCIÓN GENERAL DE GESTIÓN DE CALIDAD EDUCATIVA";"1765480.61"
"Gobierno General";"Gobierno Central";"Administración Central";"Presidencia, Ministerios de Estado, Secretarias y Otras Dependencias del Ejecutivo";"MINISTERIO DE EDUCACIÓN";"DIRECCIÓN GENERAL DE MONITOREO Y VERIFICACIÓN DE LA CALIDAD";"2561844.74"
"Gobierno General";"Gobierno Central";"Administración Central";"Presidencia, Ministerios de Estado, Secretarias y Otras Dependencias del Ejecutivo";"MINISTERIO DE EDUCACIÓN";"DIRECCIÓN GENERAL DE PARTICIPACIÓN COMUNITARIA Y SERVICIOS DE APOYO";"1650013.87"
"Gobierno General";"Gobierno Central";"Administración Central";"Presidencia, Ministerios de Estado, Secretarias y Otras Dependencias del Ejecutivo";"MINISTERIO DE EDUCACIÓN";"JUNTA CALIFICADORA DE PERSONAL";"779595.91"
"Gobierno General";"Gobierno Central";"Administración Central";"Presidencia, Ministerios de Estado, Secretarias y Otras Dependencias del Ejecutivo";"MINISTERIO DE EDUCACIÓN";"JURADO NACIONAL DE OPOSICIÓN";"557256.94"
"Gobierno General";"Gobierno Central";"Administración Central";"Presidencia, Ministerios de Estado, Secretarias y Otras Dependencias del Ejecutivo";"MINISTERIO DE TRABAJO Y PREVISIÓN SOCIAL";"MINISTERIO DE TRABAJO Y PREVISIÓN SOCIAL";"96706476.84"
"Gobierno General";"Gobierno Central";"Administración Central";"Presidencia, Ministerios de Estado, Secretarias y Otras Dependencias del Ejecutivo";"MINISTERIO DE AMBIENTE Y RECURSOS NATURALES";"MINISTERIO DE AMBIENTE Y RECURSOS NATURALES";"16426418.11"
"Gobierno General";"Gobierno Central";"Administración Central";"Presidencia, Ministerios de Estado, Secretarias y Otras Dependencias del Ejecutivo";"PRESIDENCIA DE LA REPÚBLICA";"COMISIÓN PRESIDENCIAL DE DIÁLOGO";"1364657.41"
"Gobierno General";"Gobierno Central";"Administración Central";"Presidencia, Ministerios de Estado, Secretarias y Otras Dependencias del Ejecutivo";"PRESIDENCIA DE LA REPÚBLICA";"COMISIÓN PRESIDENCIAL DE TRANSPARENCIA Y GOBIERNO ELECTRÓNICO";"586218.41"
"Gobierno General";"Gobierno Central";"Administración Central";"Presidencia, Ministerios de Estado, Secretarias y Otras Dependencias del Ejecutivo";"PRESIDENCIA DE LA REPÚBLICA";"GUARDIA PRESIDENCIAL";"2785639.98"
"Gobierno General";"Gobierno Central";"Administración Central";"Presidencia, Ministerios de Estado, Secretarias y Otras Dependencias del Ejecutivo";"PRESIDENCIA DE LA REPÚBLICA";"SECRETARÍA DE ASUNTOS ADMINISTRATIVOS Y DE SEGURIDAD DE LA PRESIDENCIA";"25700247.21"
"Gobierno General";"Gobierno Central";"Administración Central";"Presidencia, Ministerios de Estado, Secretarias y Otras Dependencias del Ejecutivo";"PRESIDENCIA DE LA REPÚBLICA";"VICEPRESIDENCIA DE LA REPÚBLICA";"3633873.92"
"Gobierno General";"Gobierno Central";"Administración Central";"Presidencia, Ministerios de Estado, Secretarias y Otras Dependencias del Ejecutivo";"MINISTERIO DE SALUD PÚBLICA Y ASISTENCIA SOCIAL";"CEMENTERIO NACIONAL";"1373689.72"
"Gobierno General";"Gobierno Central";"Administración Central";"Presidencia, Ministerios de Estado, Secretarias y Otras Dependencias del Ejecutivo";"MINISTERIO DE SALUD PÚBLICA Y ASISTENCIA SOCIAL";"DEPARTAMENTO ADMINISTRATIVO";"50309105.41"
"Gobierno General";"Gobierno Central";"Administración Central";"Presidencia, Ministerios de Estado, Secretarias y Otras Dependencias del Ejecutivo";"MINISTERIO DE SALUD PÚBLICA Y ASISTENCIA SOCIAL";"DIRECCION DE ÁREA DE SALUD DE CHIMALTENANGO";"7983822.59"
"Gobierno General";"Gobierno Central";"Administración Central";"Presidencia, Ministerios de Estado, Secretarias y Otras Dependencias del Ejecutivo";"MINISTERIO DE SALUD PÚBLICA Y ASISTENCIA SOCIAL";"DIRECCIÓN DE  ÁREA DE SALUD DE QUETZALTENANGO";"10078470.71"
"Gobierno General";"Gobierno Central";"Administración Central";"Presidencia, Ministerios de Estado, Secretarias y Otras Dependencias del Ejecutivo";"MINISTERIO DE SALUD PÚBLICA Y ASISTENCIA SOCIAL";"DIRECCIÓN DE ÁREA DE SALUD DE ALTA VERAPAZ";"10206109.17"
"Gobierno General";"Gobierno Central";"Administración Central";"Presidencia, Ministerios de Estado, Secretarias y Otras Dependencias del Ejecutivo";"MINISTERIO DE SALUD PÚBLICA Y ASISTENCIA SOCIAL";"DIRECCIÓN DE ÁREA DE SALUD DE BAJA VERAPAZ";"6385670.5"
"Gobierno General";"Gobierno Central";"Administración Central";"Presidencia, Ministerios de Estado, Secretarias y Otras Dependencias del Ejecutivo";"MINISTERIO DE SALUD PÚBLICA Y ASISTENCIA SOCIAL";"DIRECCIÓN DE ÁREA DE SALUD DE CHIQUIMULA";"7779490.22"
"Gobierno General";"Gobierno Central";"Administración Central";"Presidencia, Ministerios de Estado, Secretarias y Otras Dependencias del Ejecutivo";"MINISTERIO DE SALUD PÚBLICA Y ASISTENCIA SOCIAL";"DIRECCIÓN DE ÁREA DE SALUD DE EL PROGRESO";"3485429.51"
"Gobierno General";"Gobierno Central";"Administración Central";"Presidencia, Ministerios de Estado, Secretarias y Otras Dependencias del Ejecutivo";"MINISTERIO DE SALUD PÚBLICA Y ASISTENCIA SOCIAL";"DIRECCIÓN DE ÁREA DE SALUD DE ESCUINTLA";"8192620.62"
"Gobierno General";"Gobierno Central";"Administración Central";"Presidencia, Ministerios de Estado, Secretarias y Otras Dependencias del Ejecutivo";"MINISTERIO DE SALUD PÚBLICA Y ASISTENCIA SOCIAL";"DIRECCIÓN DE ÁREA DE SALUD DE HUEHUETENANGO";"17549688.17"
"Gobierno General";"Gobierno Central";"Administración Central";"Presidencia, Ministerios de Estado, Secretarias y Otras Dependencias del Ejecutivo";"MINISTERIO DE SALUD PÚBLICA Y ASISTENCIA SOCIAL";"DIRECCIÓN DE ÁREA DE SALUD DE IXCÁN";"3989244.35"
"Gobierno General";"Gobierno Central";"Administración Central";"Presidencia, Ministerios de Estado, Secretarias y Otras Dependencias del Ejecutivo";"MINISTERIO DE SALUD PÚBLICA Y ASISTENCIA SOCIAL";"DIRECCIÓN DE ÁREA DE SALUD DE IZABAL";"7328885.93"
"Gobierno General";"Gobierno Central";"Administración Central";"Presidencia, Ministerios de Estado, Secretarias y Otras Dependencias del Ejecutivo";"MINISTERIO DE SALUD PÚBLICA Y ASISTENCIA SOCIAL";"DIRECCIÓN DE ÁREA DE SALUD DE JALAPA";"7134286.91"
"Gobierno General";"Gobierno Central";"Administración Central";"Presidencia, Ministerios de Estado, Secretarias y Otras Dependencias del Ejecutivo";"MINISTERIO DE SALUD PÚBLICA Y ASISTENCIA SOCIAL";"DIRECCIÓN DE ÁREA DE SALUD DE JUTIAPA";"14582390.63"
"Gobierno General";"Gobierno Central";"Administración Central";"Presidencia, Ministerios de Estado, Secretarias y Otras Dependencias del Ejecutivo";"MINISTERIO DE SALUD PÚBLICA Y ASISTENCIA SOCIAL";"DIRECCIÓN DE ÁREA DE SALUD DE PETÉN NORTE";"2767521.14"
"Gobierno General";"Gobierno Central";"Administración Central";"Presidencia, Ministerios de Estado, Secretarias y Otras Dependencias del Ejecutivo";"MINISTERIO DE SALUD PÚBLICA Y ASISTENCIA SOCIAL";"DIRECCIÓN DE ÁREA DE SALUD DE PETÉN SUR OCCIDENTE";"3715043.97"
"Gobierno General";"Gobierno Central";"Administración Central";"Presidencia, Ministerios de Estado, Secretarias y Otras Dependencias del Ejecutivo";"MINISTERIO DE SALUD PÚBLICA Y ASISTENCIA SOCIAL";"DIRECCIÓN DE ÁREA DE SALUD DE PETÉN SURORIENTE";"4878041.44"
"Gobierno General";"Gobierno Central";"Administración Central";"Presidencia, Ministerios de Estado, Secretarias y Otras Dependencias del Ejecutivo";"MINISTERIO DE SALUD PÚBLICA Y ASISTENCIA SOCIAL";"DIRECCIÓN DE ÁREA DE SALUD DE QUICHÉ";"13427516.57"
"Gobierno General";"Gobierno Central";"Administración Central";"Presidencia, Ministerios de Estado, Secretarias y Otras Dependencias del Ejecutivo";"MINISTERIO DE SALUD PÚBLICA Y ASISTENCIA SOCIAL";"DIRECCIÓN DE ÁREA DE SALUD DE RETALHULEU";"4225911.37"
"Gobierno General";"Gobierno Central";"Administración Central";"Presidencia, Ministerios de Estado, Secretarias y Otras Dependencias del Ejecutivo";"MINISTERIO DE SALUD PÚBLICA Y ASISTENCIA SOCIAL";"DIRECCIÓN DE ÁREA DE SALUD DE SACATEPÉQUEZ";"2872421.94"
"Gobierno General";"Gobierno Central";"Administración Central";"Presidencia, Ministerios de Estado, Secretarias y Otras Dependencias del Ejecutivo";"MINISTERIO DE SALUD PÚBLICA Y ASISTENCIA SOCIAL";"DIRECCIÓN DE ÁREA DE SALUD DE SAN MARCOS";"15235199.67"
"Gobierno General";"Gobierno Central";"Administración Central";"Presidencia, Ministerios de Estado, Secretarias y Otras Dependencias del Ejecutivo";"MINISTERIO DE SALUD PÚBLICA Y ASISTENCIA SOCIAL";"DIRECCIÓN DE ÁREA DE SALUD DE SANTA ROSA";"10531795.82"
"Gobierno General";"Gobierno Central";"Administración Central";"Presidencia, Ministerios de Estado, Secretarias y Otras Dependencias del Ejecutivo";"MINISTERIO DE SALUD PÚBLICA Y ASISTENCIA SOCIAL";"DIRECCIÓN DE ÁREA DE SALUD DE SOLOLÁ";"6140024.18"
"Gobierno General";"Gobierno Central";"Administración Central";"Presidencia, Ministerios de Estado, Secretarias y Otras Dependencias del Ejecutivo";"MINISTERIO DE SALUD PÚBLICA Y ASISTENCIA SOCIAL";"DIRECCIÓN DE ÁREA DE SALUD DE SUCHITEPÉQUEZ";"6068742.63"
"Gobierno General";"Gobierno Central";"Administración Central";"Presidencia, Ministerios de Estado, Secretarias y Otras Dependencias del Ejecutivo";"MINISTERIO DE SALUD PÚBLICA Y ASISTENCIA SOCIAL";"DIRECCIÓN DE ÁREA DE SALUD DE TOTONICAPÁN";"3035486.81"
"Gobierno General";"Gobierno Central";"Administración Central";"Presidencia, Ministerios de Estado, Secretarias y Otras Dependencias del Ejecutivo";"MINISTERIO DE SALUD PÚBLICA Y ASISTENCIA SOCIAL";"DIRECCIÓN DE ÁREA DE SALUD DE ZACAPA";"4635401.73"
"Gobierno General";"Gobierno Central";"Administración Central";"Presidencia, Ministerios de Estado, Secretarias y Otras Dependencias del Ejecutivo";"MINISTERIO DE SALUD PÚBLICA Y ASISTENCIA SOCIAL";"DIRECCIÓN DE ÁREA DE SALUD GUATEMALA CENTRAL";"7812204.51"
"Gobierno General";"Gobierno Central";"Administración Central";"Presidencia, Ministerios de Estado, Secretarias y Otras Dependencias del Ejecutivo";"MINISTERIO DE SALUD PÚBLICA Y ASISTENCIA SOCIAL";"DIRECCIÓN DE ÁREA DE SALUD GUATEMALA NOR OCCIDENTE";"10244997.93"
"Gobierno General";"Gobierno Central";"Administración Central";"Presidencia, Ministerios de Estado, Secretarias y Otras Dependencias del Ejecutivo";"MINISTERIO DE SALUD PÚBLICA Y ASISTENCIA SOCIAL";"DIRECCIÓN DE ÁREA DE SALUD GUATEMALA NOR ORIENTE";"8180309.98"
"Gobierno General";"Gobierno Central";"Administración Central";"Presidencia, Ministerios de Estado, Secretarias y Otras Dependencias del Ejecutivo";"MINISTERIO DE SALUD PÚBLICA Y ASISTENCIA SOCIAL";"DIRECCIÓN DE ÁREA DE SALUD GUATEMALA SUR";"4143155.02"
"Gobierno General";"Gobierno Central";"Administración Central";"Presidencia, Ministerios de Estado, Secretarias y Otras Dependencias del Ejecutivo";"MINISTERIO DE SALUD PÚBLICA Y ASISTENCIA SOCIAL";"DIRECCIÓN DE ÁREA DE SALUD IXIL";"3501717.96"
"Gobierno General";"Gobierno Central";"Administración Central";"Presidencia, Ministerios de Estado, Secretarias y Otras Dependencias del Ejecutivo";"MINISTERIO DE SALUD PÚBLICA Y ASISTENCIA SOCIAL";"ESC. NAC. DE ENFERMERIA DE COBÁN E INST. DE ADIESTRAMIENTO PARA PERSONAL DE SALUD DE LAS VERAPACES";"591791.03"
"Gobierno General";"Gobierno Central";"Administración Central";"Presidencia, Ministerios de Estado, Secretarias y Otras Dependencias del Ejecutivo";"MINISTERIO DE SALUD PÚBLICA Y ASISTENCIA SOCIAL";"ESCUELA DE AUXILIARES DE ENFERMERÍA DE SUR OCCIDENTE";"139578.7"
"Gobierno General";"Gobierno Central";"Administración Central";"Presidencia, Ministerios de Estado, Secretarias y Otras Dependencias del Ejecutivo";"MINISTERIO DE SALUD PÚBLICA Y ASISTENCIA SOCIAL";"ESCUELA NACIONAL DE ENFERMERAS";"2507707.04"
"Gobierno General";"Gobierno Central";"Administración Central";"Presidencia, Ministerios de Estado, Secretarias y Otras Dependencias del Ejecutivo";"MINISTERIO DE SALUD PÚBLICA Y ASISTENCIA SOCIAL";"ESCUELA NACIONAL DE ENFERMERÍA DE OCCIDENTE";"670983.04"
"Gobierno General";"Gobierno Central";"Administración Central";"Presidencia, Ministerios de Estado, Secretarias y Otras Dependencias del Ejecutivo";"MINISTERIO DE SALUD PÚBLICA Y ASISTENCIA SOCIAL";"ESCUELA PARA AUXILIARES DE ENFERMERÍA DE ORIENTE";"168808.51"
"Gobierno General";"Gobierno Central";"Administración Central";"Presidencia, Ministerios de Estado, Secretarias y Otras Dependencias del Ejecutivo";"MINISTERIO DE SALUD PÚBLICA Y ASISTENCIA SOCIAL";"HOGAR DE ANCIANOS FRAY RODRIGO DE LA CRUZ";"1772010.64"
"Gobierno General";"Gobierno Central";"Administración Central";"Presidencia, Ministerios de Estado, Secretarias y Otras Dependencias del Ejecutivo";"MINISTERIO DE SALUD PÚBLICA Y ASISTENCIA SOCIAL";"HOSPITAL DE  MELCHOR DE MENCOS";"2611419.24"
"Gobierno General";"Gobierno Central";"Administración Central";"Presidencia, Ministerios de Estado, Secretarias y Otras Dependencias del Ejecutivo";"MINISTERIO DE SALUD PÚBLICA Y ASISTENCIA SOCIAL";"HOSPITAL DE  TIQUISATE";"3113681.6"
"Gobierno General";"Gobierno Central";"Administración Central";"Presidencia, Ministerios de Estado, Secretarias y Otras Dependencias del Ejecutivo";"MINISTERIO DE SALUD PÚBLICA Y ASISTENCIA SOCIAL";"HOSPITAL DE BARILLAS";"704498.43"
"Gobierno General";"Gobierno Central";"Administración Central";"Presidencia, Ministerios de Estado, Secretarias y Otras Dependencias del Ejecutivo";"MINISTERIO DE SALUD PÚBLICA Y ASISTENCIA SOCIAL";"HOSPITAL DE CHIQUIMULA";"5803254.4"
"Gobierno General";"Gobierno Central";"Administración Central";"Presidencia, Ministerios de Estado, Secretarias y Otras Dependencias del Ejecutivo";"MINISTERIO DE SALUD PÚBLICA Y ASISTENCIA SOCIAL";"HOSPITAL DE COBÁN";"6247963.46"
"Gobierno General";"Gobierno Central";"Administración Central";"Presidencia, Ministerios de Estado, Secretarias y Otras Dependencias del Ejecutivo";"MINISTERIO DE SALUD PÚBLICA Y ASISTENCIA SOCIAL";"HOSPITAL DE EL PROGRESO";"3185645.87"
"Gobierno General";"Gobierno Central";"Administración Central";"Presidencia, Ministerios de Estado, Secretarias y Otras Dependencias del Ejecutivo";"MINISTERIO DE SALUD PÚBLICA Y ASISTENCIA SOCIAL";"HOSPITAL DE ESCUINTLA";"13767967.04"
"Gobierno General";"Gobierno Central";"Administración Central";"Presidencia, Ministerios de Estado, Secretarias y Otras Dependencias del Ejecutivo";"MINISTERIO DE SALUD PÚBLICA Y ASISTENCIA SOCIAL";"HOSPITAL DE ESPECIALIDADES RODOLFO ROBLES";"3093929.95"
"Gobierno General";"Gobierno Central";"Administración Central";"Presidencia, Ministerios de Estado, Secretarias y Otras Dependencias del Ejecutivo";"MINISTERIO DE SALUD PÚBLICA Y ASISTENCIA SOCIAL";"HOSPITAL DE JOYABAJ";"985012.58"
"Gobierno General";"Gobierno Central";"Administración Central";"Presidencia, Ministerios de Estado, Secretarias y Otras Dependencias del Ejecutivo";"MINISTERIO DE SALUD PÚBLICA Y ASISTENCIA SOCIAL";"HOSPITAL DE LA AMISTAD JAPÓN GUATEMALA";"7138229.85"
"Gobierno General";"Gobierno Central";"Administración Central";"Presidencia, Ministerios de Estado, Secretarias y Otras Dependencias del Ejecutivo";"MINISTERIO DE SALUD PÚBLICA Y ASISTENCIA SOCIAL";"HOSPITAL DE LA TINTA";"1484253.51"
"Gobierno General";"Gobierno Central";"Administración Central";"Presidencia, Ministerios de Estado, Secretarias y Otras Dependencias del Ejecutivo";"MINISTERIO DE SALUD PÚBLICA Y ASISTENCIA SOCIAL";"HOSPITAL DE MAZATENANGO";"4928351.29"
"Gobierno General";"Gobierno Central";"Administración Central";"Presidencia, Ministerios de Estado, Secretarias y Otras Dependencias del Ejecutivo";"MINISTERIO DE SALUD PÚBLICA Y ASISTENCIA SOCIAL";"HOSPITAL DE NEBAJ";"1339573.1"
"Gobierno General";"Gobierno Central";"Administración Central";"Presidencia, Ministerios de Estado, Secretarias y Otras Dependencias del Ejecutivo";"MINISTERIO DE SALUD PÚBLICA Y ASISTENCIA SOCIAL";"HOSPITAL DE POPTÚN";"3096648.22"
"Gobierno General";"Gobierno Central";"Administración Central";"Presidencia, Ministerios de Estado, Secretarias y Otras Dependencias del Ejecutivo";"MINISTERIO DE SALUD PÚBLICA Y ASISTENCIA SOCIAL";"HOSPITAL DE RETALHULEU";"4757352.88"
"Gobierno General";"Gobierno Central";"Administración Central";"Presidencia, Ministerios de Estado, Secretarias y Otras Dependencias del Ejecutivo";"MINISTERIO DE SALUD PÚBLICA Y ASISTENCIA SOCIAL";"HOSPITAL DE SALUD MENTAL DR. FEDERICO MORA";"8383846.04"
"Gobierno General";"Gobierno Central";"Administración Central";"Presidencia, Ministerios de Estado, Secretarias y Otras Dependencias del Ejecutivo";"MINISTERIO DE SALUD PÚBLICA Y ASISTENCIA SOCIAL";"HOSPITAL DE SAN BENITO";"7548755.62"
"Gobierno General";"Gobierno Central";"Administración Central";"Presidencia, Ministerios de Estado, Secretarias y Otras Dependencias del Ejecutivo";"MINISTERIO DE SALUD PÚBLICA Y ASISTENCIA SOCIAL";"HOSPITAL DE USPANTAN";"1011733.66"
"Gobierno General";"Gobierno Central";"Administración Central";"Presidencia, Ministerios de Estado, Secretarias y Otras Dependencias del Ejecutivo";"MINISTERIO DE SALUD PÚBLICA Y ASISTENCIA SOCIAL";"HOSPITAL DEPARTAMENTAL DE SOLOLÁ";"3777269.76"
"Gobierno General";"Gobierno Central";"Administración Central";"Presidencia, Ministerios de Estado, Secretarias y Otras Dependencias del Ejecutivo";"MINISTERIO DE SALUD PÚBLICA Y ASISTENCIA SOCIAL";"HOSPITAL DEPARTAMENTAL DE TOTONICAPÁN";"4175916.03"
"Gobierno General";"Gobierno Central";"Administración Central";"Presidencia, Ministerios de Estado, Secretarias y Otras Dependencias del Ejecutivo";"MINISTERIO DE SALUD PÚBLICA Y ASISTENCIA SOCIAL";"HOSPITAL DISTRITAL SAYAXCHÉ PETÉN";"2712206.97"
"Gobierno General";"Gobierno Central";"Administración Central";"Presidencia, Ministerios de Estado, Secretarias y Otras Dependencias del Ejecutivo";"MINISTERIO DE SALUD PÚBLICA Y ASISTENCIA SOCIAL";"HOSPITAL FRAY BARTOLOME DE LAS CASAS";"2622729.92"
"Gobierno General";"Gobierno Central";"Administración Central";"Presidencia, Ministerios de Estado, Secretarias y Otras Dependencias del Ejecutivo";"MINISTERIO DE SALUD PÚBLICA Y ASISTENCIA SOCIAL";"HOSPITAL GENERAL SAN JUAN DE DIOS";"61553745.4"
"Gobierno General";"Gobierno Central";"Administración Central";"Presidencia, Ministerios de Estado, Secretarias y Otras Dependencias del Ejecutivo";"MINISTERIO DE SALUD PÚBLICA Y ASISTENCIA SOCIAL";"HOSPITAL INFANTIL DE INFECTOLOGÍA Y REHABILITACIÓN";"5264779.87"
"Gobierno General";"Gobierno Central";"Administración Central";"Presidencia, Ministerios de Estado, Secretarias y Otras Dependencias del Ejecutivo";"MINISTERIO DE SALUD PÚBLICA Y ASISTENCIA SOCIAL";"HOSPITAL NACIONAL DE  SAN MARCOS DR. MOISES VILLAGRAN MAZARIEGOS";"7762562.03"
"Gobierno General";"Gobierno Central";"Administración Central";"Presidencia, Ministerios de Estado, Secretarias y Otras Dependencias del Ejecutivo";"MINISTERIO DE SALUD PÚBLICA Y ASISTENCIA SOCIAL";"HOSPITAL NACIONAL DE AMATITLÁN";"7891704.92"
"Gobierno General";"Gobierno Central";"Administración Central";"Presidencia, Ministerios de Estado, Secretarias y Otras Dependencias del Ejecutivo";"MINISTERIO DE SALUD PÚBLICA Y ASISTENCIA SOCIAL";"HOSPITAL NACIONAL DE CHIMALTENANGO";"8455529.91"
"Gobierno General";"Gobierno Central";"Administración Central";"Presidencia, Ministerios de Estado, Secretarias y Otras Dependencias del Ejecutivo";"MINISTERIO DE SALUD PÚBLICA Y ASISTENCIA SOCIAL";"HOSPITAL NACIONAL DE COATEPEQUE";"9233459.59"
"Gobierno General";"Gobierno Central";"Administración Central";"Presidencia, Ministerios de Estado, Secretarias y Otras Dependencias del Ejecutivo";"MINISTERIO DE SALUD PÚBLICA Y ASISTENCIA SOCIAL";"HOSPITAL NACIONAL DE ORTOPEDIA Y REHABILITACION DR. JORGE VON AHN";"3455973.47"
"Gobierno General";"Gobierno Central";"Administración Central";"Presidencia, Ministerios de Estado, Secretarias y Otras Dependencias del Ejecutivo";"MINISTERIO DE SALUD PÚBLICA Y ASISTENCIA SOCIAL";"HOSPITAL NACIONAL DE SALAMÁ";"4502955.18"
"Gobierno General";"Gobierno Central";"Administración Central";"Presidencia, Ministerios de Estado, Secretarias y Otras Dependencias del Ejecutivo";"MINISTERIO DE SALUD PÚBLICA Y ASISTENCIA SOCIAL";"HOSPITAL NACIONAL DE SAN PEDRO NECTA";"1383710.02"
"Gobierno General";"Gobierno Central";"Administración Central";"Presidencia, Ministerios de Estado, Secretarias y Otras Dependencias del Ejecutivo";"MINISTERIO DE SALUD PÚBLICA Y ASISTENCIA SOCIAL";"HOSPITAL NACIONAL ERNESTINA GARCIA VDA. DE RECINOS";"7000990.7"
"Gobierno General";"Gobierno Central";"Administración Central";"Presidencia, Ministerios de Estado, Secretarias y Otras Dependencias del Ejecutivo";"MINISTERIO DE SALUD PÚBLICA Y ASISTENCIA SOCIAL";"HOSPITAL NACIONAL INFANTIL ELISA MARTÍNEZ, PUERTO BARRIOS, IZABAL";"3647866.81"
"Gobierno General";"Gobierno Central";"Administración Central";"Presidencia, Ministerios de Estado, Secretarias y Otras Dependencias del Ejecutivo";"MINISTERIO DE SALUD PÚBLICA Y ASISTENCIA SOCIAL";"HOSPITAL NACIONAL MALACATÁN SAN MARCOS";"3271127.56"
"Gobierno General";"Gobierno Central";"Administración Central";"Presidencia, Ministerios de Estado, Secretarias y Otras Dependencias del Ejecutivo";"MINISTERIO DE SALUD PÚBLICA Y ASISTENCIA SOCIAL";"HOSPITAL NACIONAL NICOLASA CRUZ JALAPA";"3896786.7"
"Gobierno General";"Gobierno Central";"Administración Central";"Presidencia, Ministerios de Estado, Secretarias y Otras Dependencias del Ejecutivo";"MINISTERIO DE SALUD PÚBLICA Y ASISTENCIA SOCIAL";"HOSPITAL PEDRO DE BETHANCOURT";"13527537.02"
"Gobierno General";"Gobierno Central";"Administración Central";"Presidencia, Ministerios de Estado, Secretarias y Otras Dependencias del Ejecutivo";"MINISTERIO DE SALUD PÚBLICA Y ASISTENCIA SOCIAL";"HOSPITAL REGIONAL DE  ZACAPA";"5989503.09"
"Gobierno General";"Gobierno Central";"Administración Central";"Presidencia, Ministerios de Estado, Secretarias y Otras Dependencias del Ejecutivo";"MINISTERIO DE SALUD PÚBLICA Y ASISTENCIA SOCIAL";"HOSPITAL REGIONAL DE CUILAPA LICENCIADO GUILLERMO FERNANDEZ LLERENA";"10662034.15"
"Gobierno General";"Gobierno Central";"Administración Central";"Presidencia, Ministerios de Estado, Secretarias y Otras Dependencias del Ejecutivo";"MINISTERIO DE SALUD PÚBLICA Y ASISTENCIA SOCIAL";"HOSPITAL REGIONAL DE EL QUICHÉ";"4802312.3"
"Gobierno General";"Gobierno Central";"Administración Central";"Presidencia, Ministerios de Estado, Secretarias y Otras Dependencias del Ejecutivo";"MINISTERIO DE SALUD PÚBLICA Y ASISTENCIA SOCIAL";"HOSPITAL REGIONAL DE HUEHUETENANGO DR. JORGE VIDES MOLINA";"8287726.62"
"Gobierno General";"Gobierno Central";"Administración Central";"Presidencia, Ministerios de Estado, Secretarias y Otras Dependencias del Ejecutivo";"MINISTERIO DE SALUD PÚBLICA Y ASISTENCIA SOCIAL";"HOSPITAL REGIONAL DE OCCIDENTE QUETZALTENANGO";"20308317.69"
"Gobierno General";"Gobierno Central";"Administración Central";"Presidencia, Ministerios de Estado, Secretarias y Otras Dependencias del Ejecutivo";"MINISTERIO DE SALUD PÚBLICA Y ASISTENCIA SOCIAL";"HOSPITAL ROOSEVELT";"84379220.91"
"Gobierno General";"Gobierno Central";"Administración Central";"Presidencia, Ministerios de Estado, Secretarias y Otras Dependencias del Ejecutivo";"MINISTERIO DE SALUD PÚBLICA Y ASISTENCIA SOCIAL";"HOSPITAL SAN VICENTE";"4639577.19"
"Gobierno General";"Gobierno Central";"Administración Central";"Presidencia, Ministerios de Estado, Secretarias y Otras Dependencias del Ejecutivo";"MINISTERIO DE SALUD PÚBLICA Y ASISTENCIA SOCIAL";"INSTITUTO DE ADIESTRAMIENTO DE PERSONAL EN SALUD INDAPS";"1081525.34"
"Gobierno General";"Gobierno Central";"Administración Central";"Presidencia, Ministerios de Estado, Secretarias y Otras Dependencias del Ejecutivo";"MINISTERIO DE SALUD PÚBLICA Y ASISTENCIA SOCIAL";"LABORATORIO NACIONAL DE SALUD";"2624577.38"
"Gobierno General";"Gobierno Central";"Administración Central";"Presidencia, Ministerios de Estado, Secretarias y Otras Dependencias del Ejecutivo";"MINISTERIO DE SALUD PÚBLICA Y ASISTENCIA SOCIAL";"PROGRAMA DE ACCESIBILIDAD DE MEDICAMENTOS PROAM";"1622429.73"
"Gobierno General";"Gobierno Central";"Administración Central";"Presidencia, Ministerios de Estado, Secretarias y Otras Dependencias del Ejecutivo";"MINISTERIO DE FINANZAS PÚBLICAS";"DIRECCIÓN DE ASUNTOS ADMINISTRATIVOS";"20905325.5"
"Gobierno General";"Gobierno Central";"Administración Central";"Presidencia, Ministerios de Estado, Secretarias y Otras Dependencias del Ejecutivo";"MINISTERIO DE FINANZAS PÚBLICAS";"DIRECCIÓN DE BIENES DEL ESTADO";"1556260.7"
"Gobierno General";"Gobierno Central";"Administración Central";"Presidencia, Ministerios de Estado, Secretarias y Otras Dependencias del Ejecutivo";"MINISTERIO DE FINANZAS PÚBLICAS";"DIRECCIÓN DE CATASTRO Y AVALÚO DE BIENES INMUEBLES";"2238107.58"
"Gobierno General";"Gobierno Central";"Administración Central";"Presidencia, Ministerios de Estado, Secretarias y Otras Dependencias del Ejecutivo";"MINISTERIO DE FINANZAS PÚBLICAS";"DIRECCIÓN DE CONTABILIDAD DEL ESTADO";"2839485.64"
"Gobierno General";"Gobierno Central";"Administración Central";"Presidencia, Ministerios de Estado, Secretarias y Otras Dependencias del Ejecutivo";"MINISTERIO DE FINANZAS PÚBLICAS";"DIRECCIÓN DE RECURSOS HUMANOS";"4065169.57"
"Gobierno General";"Gobierno Central";"Administración Central";"Presidencia, Ministerios de Estado, Secretarias y Otras Dependencias del Ejecutivo";"MINISTERIO DE FINANZAS PÚBLICAS";"DIRECCIÓN DE TECNOLOGÍAS DE LA INFORMACIÓN";"3656126.12"
"Gobierno General";"Gobierno Central";"Administración Central";"Presidencia, Ministerios de Estado, Secretarias y Otras Dependencias del Ejecutivo";"MINISTERIO DE FINANZAS PÚBLICAS";"DIRECCIÓN FINANCIERA";"95064.83"
"Gobierno General";"Gobierno Central";"Administración Central";"Presidencia, Ministerios de Estado, Secretarias y Otras Dependencias del Ejecutivo";"MINISTERIO DE FINANZAS PÚBLICAS";"DIRECCIÓN TÉCNICA DEL PRESUPUESTO";"3831985.27"
"Gobierno General";"Gobierno Central";"Administración Central";"Presidencia, Ministerios de Estado, Secretarias y Otras Dependencias del Ejecutivo";"MINISTERIO DE FINANZAS PÚBLICAS";"TALLER NACIONAL DE GRABADOS EN ACERO";"1483089.89"
"Gobierno General";"Gobierno Central";"Administración Central";"Presidencia, Ministerios de Estado, Secretarias y Otras Dependencias del Ejecutivo";"MINISTERIO DE FINANZAS PÚBLICAS";"TESORERÍA NACIONAL";"1421885.84"
"Gobierno General";"Gobierno Central";"Administración Central";"Presidencia, Ministerios de Estado, Secretarias y Otras Dependencias del Ejecutivo";"SERVICIOS DE LA DEUDA PUBLICA";"SERVICIOS DE LA DEUDA PUBLICA";"1292013329.02"
"Gobierno General";"Gobierno Central";"Administración Central";"Presidencia, Ministerios de Estado, Secretarias y Otras Dependencias del Ejecutivo";"SECRETARÍAS Y OTRAS DEPENDENCIAS DEL EJECUTIVO";"AUTORIDAD PARA EL MANEJO SUSTENTABLE DE LA CUENCA DEL LAGO DE ATITLÁN Y SU ENTORNO";"1338941.63"
"Gobierno General";"Gobierno Central";"Administración Central";"Presidencia, Ministerios de Estado, Secretarias y Otras Dependencias del Ejecutivo";"SECRETARÍAS Y OTRAS DEPENDENCIAS DEL EJECUTIVO";"AUTORIDAD PARA EL MANEJO SUSTENTABLE DE LA CUENCA Y DEL LAGO DE AMATITLÁN";"2759052.4"
"Gobierno General";"Gobierno Central";"Administración Central";"Presidencia, Ministerios de Estado, Secretarias y Otras Dependencias del Ejecutivo";"SECRETARÍAS Y OTRAS DEPENDENCIAS DEL EJECUTIVO";"COMISIÓN PRESIDENCIAL CONTRA LA DISCRIMINACIÓN Y EL RACISMO CONTRA LOS PUEBLOS INDÍGENAS";"947570.59"
"Gobierno General";"Gobierno Central";"Administración Central";"Presidencia, Ministerios de Estado, Secretarias y Otras Dependencias del Ejecutivo";"SECRETARÍAS Y OTRAS DEPENDENCIAS DEL EJECUTIVO";"COMISIÓN PRESIDENCIAL COORDINADORA DE LA POLÍTICA DEL EJECUTIVO EN MATERIA DE DERECHOS HUMANOS";"3349009.28"
"Gobierno General";"Gobierno Central";"Administración Central";"Presidencia, Ministerios de Estado, Secretarias y Otras Dependencias del Ejecutivo";"SECRETARÍAS Y OTRAS DEPENDENCIAS DEL EJECUTIVO";"CONSEJO NACIONAL DE LA JUVENTUD";"2899956.83"
"Gobierno General";"Gobierno Central";"Administración Central";"Presidencia, Ministerios de Estado, Secretarias y Otras Dependencias del Ejecutivo";"SECRETARÍAS Y OTRAS DEPENDENCIAS DEL EJECUTIVO";"CONSEJO NACIONAL DE ÁREAS PROTEGIDAS";"14034325.01"
"Gobierno General";"Gobierno Central";"Administración Central";"Presidencia, Ministerios de Estado, Secretarias y Otras Dependencias del Ejecutivo";"SECRETARÍAS Y OTRAS DEPENDENCIAS DEL EJECUTIVO";"DEFENSORIA DE LA MUJER INDIGENA";"1905517.39"
"Gobierno General";"Gobierno Central";"Administración Central";"Presidencia, Ministerios de Estado, Secretarias y Otras Dependencias del Ejecutivo";"SECRETARÍAS Y OTRAS DEPENDENCIAS DEL EJECUTIVO";"FONDO DE DESARROLLO INDÍGENA GUATEMALTECO";"2281300.97"
"Gobierno General";"Gobierno Central";"Administración Central";"Presidencia, Ministerios de Estado, Secretarias y Otras Dependencias del Ejecutivo";"SECRETARÍAS Y OTRAS DEPENDENCIAS DEL EJECUTIVO";"OFICINA NACIONAL DE SERVICIO CIVIL";"7355344.42"
"Gobierno General";"Gobierno Central";"Administración Central";"Presidencia, Ministerios de Estado, Secretarias y Otras Dependencias del Ejecutivo";"SECRETARÍAS Y OTRAS DEPENDENCIAS DEL EJECUTIVO";"SECRETARIA DE INTELIGENCIA ESTRATÉGICA DEL ESTADO";"4581171.59"
"Gobierno General";"Gobierno Central";"Administración Central";"Presidencia, Ministerios de Estado, Secretarias y Otras Dependencias del Ejecutivo";"SECRETARÍAS Y OTRAS DEPENDENCIAS DEL EJECUTIVO";"SECRETARÍA  NACIONAL DE CIENCIA Y TECNOLOGÍA";"2443427.55"
"Gobierno General";"Gobierno Central";"Administración Central";"Presidencia, Ministerios de Estado, Secretarias y Otras Dependencias del Ejecutivo";"SECRETARÍAS Y OTRAS DEPENDENCIAS DEL EJECUTIVO";"SECRETARÍA CONTRA LA VIOLENCIA SEXUAL, EXPLOTACIÓN Y TRATA DE PERSONAS";"2402879.87"
"Gobierno General";"Gobierno Central";"Administración Central";"Presidencia, Ministerios de Estado, Secretarias y Otras Dependencias del Ejecutivo";"SECRETARÍAS Y OTRAS DEPENDENCIAS DEL EJECUTIVO";"SECRETARÍA DE ASUNTOS AGRARIOS DE LA PRESIDENCIA DE LA REPÚBLICA";"5027949.74"
"Gobierno General";"Gobierno Central";"Administración Central";"Presidencia, Ministerios de Estado, Secretarias y Otras Dependencias del Ejecutivo";"SECRETARÍAS Y OTRAS DEPENDENCIAS DEL EJECUTIVO";"SECRETARÍA DE BIENESTAR SOCIAL DE LA PRESIDENCIA DE LA REPÚBLICA";"31128560.94"
"Gobierno General";"Gobierno Central";"Administración Central";"Presidencia, Ministerios de Estado, Secretarias y Otras Dependencias del Ejecutivo";"SECRETARÍAS Y OTRAS DEPENDENCIAS DEL EJECUTIVO";"SECRETARÍA DE COMUNICACIÓN SOCIAL DE LA PRESIDENCIA";"3395753.47"
"Gobierno General";"Gobierno Central";"Administración Central";"Presidencia, Ministerios de Estado, Secretarias y Otras Dependencias del Ejecutivo";"SECRETARÍAS Y OTRAS DEPENDENCIAS DEL EJECUTIVO";"SECRETARÍA DE COORDINACION  EJECUTIVA  DE LA PRESIDENCIA";"9270275.69"
"Gobierno General";"Gobierno Central";"Administración Central";"Presidencia, Ministerios de Estado, Secretarias y Otras Dependencias del Ejecutivo";"SECRETARÍAS Y OTRAS DEPENDENCIAS DEL EJECUTIVO";"SECRETARÍA DE LA PAZ";"7100492.34"
"Gobierno General";"Gobierno Central";"Administración Central";"Presidencia, Ministerios de Estado, Secretarias y Otras Dependencias del Ejecutivo";"SECRETARÍAS Y OTRAS DEPENDENCIAS DEL EJECUTIVO";"SECRETARÍA DE OBRAS SOCIALES DE LA ESPOSA DEL PRESIDENTE";"20789467.21"
"Gobierno General";"Gobierno Central";"Administración Central";"Presidencia, Ministerios de Estado, Secretarias y Otras Dependencias del Ejecutivo";"SECRETARÍAS Y OTRAS DEPENDENCIAS DEL EJECUTIVO";"SECRETARÍA DE PLANIFICACIÓN Y PROGRAMACIÓN DE LA PRESIDENCIA";"10103023.68"
"Gobierno General";"Gobierno Central";"Administración Central";"Presidencia, Ministerios de Estado, Secretarias y Otras Dependencias del Ejecutivo";"SECRETARÍAS Y OTRAS DEPENDENCIAS DEL EJECUTIVO";"SECRETARÍA DE SEGURIDAD ALIMENTARIA Y NUTRICIONAL DE LA PRESIDENCIA DE LA REPÚBLICA";"5555509.45"
"Gobierno General";"Gobierno Central";"Administración Central";"Presidencia, Ministerios de Estado, Secretarias y Otras Dependencias del Ejecutivo";"SECRETARÍAS Y OTRAS DEPENDENCIAS DEL EJECUTIVO";"SECRETARÍA EJECUTIVA COMISIÓN CONTRA LAS ADICCIONES Y EL TRÁFICO ILÍCITO DE DROGAS";"805793.92"
"Gobierno General";"Gobierno Central";"Administración Central";"Presidencia, Ministerios de Estado, Secretarias y Otras Dependencias del Ejecutivo";"SECRETARÍAS Y OTRAS DEPENDENCIAS DEL EJECUTIVO";"SECRETARÍA GENERAL DE LA PRESIDENCIA DE LA REPÚBLICA";"2825946.61"
"Gobierno General";"Gobierno Central";"Administración Central";"Presidencia, Ministerios de Estado, Secretarias y Otras Dependencias del Ejecutivo";"SECRETARÍAS Y OTRAS DEPENDENCIAS DEL EJECUTIVO";"SECRETARÍA PRESIDENCIAL DE LA MUJER";"3026738.09"
"Gobierno General";"Gobierno Central";"Administración Central";"Presidencia, Ministerios de Estado, Secretarias y Otras Dependencias del Ejecutivo";"SECRETARÍAS Y OTRAS DEPENDENCIAS DEL EJECUTIVO";"SECRETARÍA PRIVADA DE LA PRESIDENCIA";"2093921.82"
"Gobierno General";"Gobierno Central";"Administración Central";"Presidencia, Ministerios de Estado, Secretarias y Otras Dependencias del Ejecutivo";"SECRETARÍAS Y OTRAS DEPENDENCIAS DEL EJECUTIVO";"SECRETARÍA TÉCNICA DEL CONSEJO NACIONAL DE SEGURIDAD";"4192445.73"
"Gobierno General";"Gobierno Central";"Administración Central";"Presidencia, Ministerios de Estado, Secretarias y Otras Dependencias del Ejecutivo";"OBLIGACIONES DEL ESTADO A CARGO DEL TESORO";"OBLIGACIONES DEL ESTADO A CARGO DEL TESORO";"3557596992.55"
"Gobierno General";"Gobierno Central";"Administración Central";"Presidencia, Ministerios de Estado, Secretarias y Otras Dependencias del Ejecutivo";"MINISTERIO DE  COMUNICACIONES, INFRAESTRUCTURA Y VIVIENDA";"DIRECCIÓN GENERAL DE AERONÁUTICA CIVIL";"43928247.16"
"Gobierno General";"Gobierno Central";"Administración Central";"Presidencia, Ministerios de Estado, Secretarias y Otras Dependencias del Ejecutivo";"MINISTERIO DE  COMUNICACIONES, INFRAESTRUCTURA Y VIVIENDA";"DIRECCIÓN GENERAL DE CAMINOS";"27543541.51"
"Gobierno General";"Gobierno Central";"Administración Central";"Presidencia, Ministerios de Estado, Secretarias y Otras Dependencias del Ejecutivo";"MINISTERIO DE  COMUNICACIONES, INFRAESTRUCTURA Y VIVIENDA";"DIRECCIÓN GENERAL DE CORREOS Y TELÉGRAFOS";"873366.86"
"Gobierno General";"Gobierno Central";"Administración Central";"Presidencia, Ministerios de Estado, Secretarias y Otras Dependencias del Ejecutivo";"MINISTERIO DE  COMUNICACIONES, INFRAESTRUCTURA Y VIVIENDA";"DIRECCIÓN GENERAL DE PROTECCIÓN Y SEGURIDAD VIAL -PROVIAL-";"2937094.63"
"Gobierno General";"Gobierno Central";"Administración Central";"Presidencia, Ministerios de Estado, Secretarias y Otras Dependencias del Ejecutivo";"MINISTERIO DE  COMUNICACIONES, INFRAESTRUCTURA Y VIVIENDA";"DIRECCIÓN GENERAL DE RADIODIFUSIÓN Y TELEVISIÓN NACIONAL";"1032397.92"
"Gobierno General";"Gobierno Central";"Administración Central";"Presidencia, Ministerios de Estado, Secretarias y Otras Dependencias del Ejecutivo";"MINISTERIO DE  COMUNICACIONES, INFRAESTRUCTURA Y VIVIENDA";"DIRECCIÓN GENERAL DE TRANSPORTES";"1343148.48"
"Gobierno General";"Gobierno Central";"Administración Central";"Presidencia, Ministerios de Estado, Secretarias y Otras Dependencias del Ejecutivo";"MINISTERIO DE  COMUNICACIONES, INFRAESTRUCTURA Y VIVIENDA";"DIRECCIÓN SUPERIOR";"6012315.87"
"Gobierno General";"Gobierno Central";"Administración Central";"Presidencia, Ministerios de Estado, Secretarias y Otras Dependencias del Ejecutivo";"MINISTERIO DE  COMUNICACIONES, INFRAESTRUCTURA Y VIVIENDA";"FONDO PARA EL DESARROLLO DE LA TELEFONÍA -FONDETEL-";"686299.87"
"Gobierno General";"Gobierno Central";"Administración Central";"Presidencia, Ministerios de Estado, Secretarias y Otras Dependencias del Ejecutivo";"MINISTERIO DE  COMUNICACIONES, INFRAESTRUCTURA Y VIVIENDA";"FONDO PARA LA VIVIENDA";"3298021.73"
"Gobierno General";"Gobierno Central";"Administración Central";"Presidencia, Ministerios de Estado, Secretarias y Otras Dependencias del Ejecutivo";"MINISTERIO DE  COMUNICACIONES, INFRAESTRUCTURA Y VIVIENDA";"FONDO SOCIAL DE SOLIDARIDAD";"4747735.83"
"Gobierno General";"Gobierno Central";"Administración Central";"Presidencia, Ministerios de Estado, Secretarias y Otras Dependencias del Ejecutivo";"MINISTERIO DE  COMUNICACIONES, INFRAESTRUCTURA Y VIVIENDA";"INSTITUTO NACIONAL DE SISMOLOGÍA, VULCANOLOGÍA, METEOROLOGÍA E HIDROLOGÍA -INSIVUMEH-";"2972725.39"
"Gobierno General";"Gobierno Central";"Administración Central";"Presidencia, Ministerios de Estado, Secretarias y Otras Dependencias del Ejecutivo";"MINISTERIO DE  COMUNICACIONES, INFRAESTRUCTURA Y VIVIENDA";"SUPERINTENDENCIA DE TELECOMUNICACIONES -SIT-";"1446898.11"
"Gobierno General";"Gobierno Central";"Administración Central";"Presidencia, Ministerios de Estado, Secretarias y Otras Dependencias del Ejecutivo";"MINISTERIO DE  COMUNICACIONES, INFRAESTRUCTURA Y VIVIENDA";"UNIDAD DE CONSTRUCCIÓN DE EDIFICIOS DEL ESTADO -UCEE-";"4730012.86"
"Gobierno General";"Gobierno Central";"Administración Central";"Presidencia, Ministerios de Estado, Secretarias y Otras Dependencias del Ejecutivo";"MINISTERIO DE  COMUNICACIONES, INFRAESTRUCTURA Y VIVIENDA";"UNIDAD DE CONTROL Y SUPERVISIÓN DE CABLE -UNCOSU-";"558334.31"
"Gobierno General";"Gobierno Central";"Administración Central";"Presidencia, Ministerios de Estado, Secretarias y Otras Dependencias del Ejecutivo";"MINISTERIO DE  COMUNICACIONES, INFRAESTRUCTURA Y VIVIENDA";"UNIDAD EJECUTORA DE CONSERVACIÓN VIAL -COVIAL-";"77256539.1"
"Gobierno General";"Gobierno Central";"Administración Central";"Presidencia, Ministerios de Estado, Secretarias y Otras Dependencias del Ejecutivo";"MINISTERIO DE  COMUNICACIONES, INFRAESTRUCTURA Y VIVIENDA";"UNIDAD PARA EL DESARROLLO DE VIVIENDA POPULAR -UDEVIPO-";"303794.36"
"Gobierno General";"Gobierno Central";"Administración Central";"Presidencia, Ministerios de Estado, Secretarias y Otras Dependencias del Ejecutivo";"MINISTERIO DE ENERGÍA Y MINAS";"MINISTERIO DE ENERGÍA Y MINAS";"9066373.67"
"Gobierno General";"Gobierno Central";"Administración Central";"Presidencia, Ministerios de Estado, Secretarias y Otras Dependencias del Ejecutivo";"MINISTERIO DE CULTURA Y DEPORTES";"DIRECCIÓN GENERAL DE DESARROLLO CULTURAL Y FORTALECIMIENTO DE LAS CULTURAS";"1225438.87"
"Gobierno General";"Gobierno Central";"Administración Central";"Presidencia, Ministerios de Estado, Secretarias y Otras Dependencias del Ejecutivo";"MINISTERIO DE CULTURA Y DEPORTES";"DIRECCIÓN GENERAL DE LAS ARTES";"14156663.4"
"Gobierno General";"Gobierno Central";"Administración Central";"Presidencia, Ministerios de Estado, Secretarias y Otras Dependencias del Ejecutivo";"MINISTERIO DE CULTURA Y DEPORTES";"DIRECCIÓN GENERAL DEL DEPORTE Y LA RECREACIÓN";"10333804.77"
"Gobierno General";"Gobierno Central";"Administración Central";"Presidencia, Ministerios de Estado, Secretarias y Otras Dependencias del Ejecutivo";"MINISTERIO DE CULTURA Y DEPORTES";"DIRECCIÓN GENERAL DEL PATRIMONIO CULTURAL Y NATURAL";"17277301.33"
"Gobierno General";"Gobierno Central";"Administración Central";"Presidencia, Ministerios de Estado, Secretarias y Otras Dependencias del Ejecutivo";"MINISTERIO DE CULTURA Y DEPORTES";"DIRECCIÓN SUPERIOR";"3334964.97"
"Gobierno General";"Gobierno Central";"Administración Central";"Presidencia, Ministerios de Estado, Secretarias y Otras Dependencias del Ejecutivo";"MINISTERIO DE ECONOMÍA";"DIRECCIÓN DE ATENCIÓN Y ASISTENCIA AL CONSUMIDOR";"2370460.48"
"Gobierno General";"Gobierno Central";"Administración Central";"Presidencia, Ministerios de Estado, Secretarias y Otras Dependencias del Ejecutivo";"MINISTERIO DE ECONOMÍA";"DIRECCIÓN DE SERVICIOS FINANCIEROS Y TÉCNICO EMPRESARIALES";"1873915.59"
"Gobierno General";"Gobierno Central";"Administración Central";"Presidencia, Ministerios de Estado, Secretarias y Otras Dependencias del Ejecutivo";"MINISTERIO DE ECONOMÍA";"DIRECCIÓN DEL SISTEMA NACIONAL DE CALIDAD";"839883.8"
"Gobierno General";"Gobierno Central";"Administración Central";"Presidencia, Ministerios de Estado, Secretarias y Otras Dependencias del Ejecutivo";"MINISTERIO DE ECONOMÍA";"DIRECCIÓN SUPERIOR";"21706662.77"
"Gobierno General";"Gobierno Central";"Administración Central";"Presidencia, Ministerios de Estado, Secretarias y Otras Dependencias del Ejecutivo";"MINISTERIO DE ECONOMÍA";"PROGRAMA NACIONAL DE COMPETITIVIDAD";"1391785.37"
"Gobierno General";"Gobierno Central";"Administración Central";"Presidencia, Ministerios de Estado, Secretarias y Otras Dependencias del Ejecutivo";"MINISTERIO DE ECONOMÍA";"REGISTRO DE LA PROPIEDAD INTELECTUAL";"1623472.01"
"Gobierno General";"Gobierno Central";"Administración Central";"Presidencia, Ministerios de Estado, Secretarias y Otras Dependencias del Ejecutivo";"MINISTERIO DE ECONOMÍA";"REGISTRO MERCANTIL GENERAL DE LA REPÚBLICA";"2233503.64"
"Gobierno General";"Gobierno Central";"Administración Central";"Presidencia, Ministerios de Estado, Secretarias y Otras Dependencias del Ejecutivo";"MINISTERIO DE ECONOMÍA";"UNIDAD EJECUTORA DEL PROGRAMA DE APOYO AL COMERCIO EXTERIOR";"0"
"Gobierno General";"Gobierno Central";"Administración Central";"Presidencia, Ministerios de Estado, Secretarias y Otras Dependencias del Ejecutivo";"MINISTERIO DE AGRICULTURA, GANADERÍA Y ALIMENTACIÓN";"ADMINISTRACIÓN FINANCIERA";"55723384.25"
"Gobierno General";"Gobierno Central";"Administración Central";"Presidencia, Ministerios de Estado, Secretarias y Otras Dependencias del Ejecutivo";"MINISTERIO DE AGRICULTURA, GANADERÍA Y ALIMENTACIÓN";"FONDO NACIONAL PARA LA REACTIVACIÓN Y MODERNIZACIÓN DE LA ACTIVIDAD AGROPECUARIA FONAGRO";"3824810.35"
"Gobierno General";"Gobierno Central";"Administración Central";"Presidencia, Ministerios de Estado, Secretarias y Otras Dependencias del Ejecutivo";"MINISTERIO DE AGRICULTURA, GANADERÍA Y ALIMENTACIÓN";"INSTITUTO GEOGRÁFICO NACIONAL";"679516.87"
"Gobierno General";"Gobierno Central";"Administración Central";"Presidencia, Ministerios de Estado, Secretarias y Otras Dependencias del Ejecutivo";"MINISTERIO DE AGRICULTURA, GANADERÍA Y ALIMENTACIÓN";"OFICINA DE CONTROL DE ÁREAS DE RESERVAS TERRITORIALES DEL ESTADO";"2024441.18"
"Gobierno General";"Gobierno Central";"Administración Central";"Presidencia, Ministerios de Estado, Secretarias y Otras Dependencias del Ejecutivo";"MINISTERIO DE AGRICULTURA, GANADERÍA Y ALIMENTACIÓN";"PROGRAMA FIDA ORIENTE";"681856.49"
"Gobierno General";"Gobierno Central";"Administración Central";"Presidencia, Ministerios de Estado, Secretarias y Otras Dependencias del Ejecutivo";"MINISTERIO DE AGRICULTURA, GANADERÍA Y ALIMENTACIÓN";"VICEMINISTERIO DE ASUNTOS DE PETÉN";"1430070.93"
"Gobierno General";"Gobierno Central";"Administración Central";"Presidencia, Ministerios de Estado, Secretarias y Otras Dependencias del Ejecutivo";"MINISTERIO DE AGRICULTURA, GANADERÍA Y ALIMENTACIÓN";"VICEMINISTERIO DE DESARROLLO ECONÓMICO Y RURAL";"3221924.7"
"Gobierno General";"Gobierno Central";"Administración Central";"Presidencia, Ministerios de Estado, Secretarias y Otras Dependencias del Ejecutivo";"MINISTERIO DE AGRICULTURA, GANADERÍA Y ALIMENTACIÓN";"VICEMINISTERIO DE SANIDAD AGROPECUARIA Y REGULACIONES";"7548439.04"
"Gobierno General";"Gobierno Central";"Administración Central";"Presidencia, Ministerios de Estado, Secretarias y Otras Dependencias del Ejecutivo";"MINISTERIO DE AGRICULTURA, GANADERÍA Y ALIMENTACIÓN";"VICEMINISTERIO DE SEGURIDAD ALIMENTARIA Y NUTRICIONAL";"2187650.68"
"Gobierno General";"Gobierno Central";"Administración Central";"Presidencia, Ministerios de Estado, Secretarias y Otras Dependencias del Ejecutivo";"MINISTERIO DE RELACIONES EXTERIORES";"MINISTERIO DE RELACIONES EXTERIORES";"45738531.9"
"Gobierno General";"Gobierno Central";"Administración Central";"Presidencia, Ministerios de Estado, Secretarias y Otras Dependencias del Ejecutivo";"MINISTERIO DE DESARROLLO SOCIAL";"FONDO DE DESARROLLO SOCIAL";"26226163.36"
"Gobierno General";"Gobierno Central";"Administración Central";"Presidencia, Ministerios de Estado, Secretarias y Otras Dependencias del Ejecutivo";"MINISTERIO DE DESARROLLO SOCIAL";"FONDO DE PROTECCIÓN SOCIAL";"11439121.15"
"Gobierno General";"Gobierno Central";"Administración Central";"Presidencia, Ministerios de Estado, Secretarias y Otras Dependencias del Ejecutivo";"MINISTERIO DE DESARROLLO SOCIAL";"UNIDAD DE ADMINISTRACIÓN FINANCIERA UDAF DEL MINISTERIO DE DESARROLLO SOCIAL";"10289641.86"
"Gobierno General";"Gobierno Central";"Administración Central";"Órganos de Control Jurídico-Administrativo";"PROCURADURÍA GENERAL DE LA NACIÓN";"PROCURADURÍA GENERAL DE LA NACIÓN";"15627254.88"
